<?xml version='1.1' encoding='UTF-8'?>
<com.cloudbees.plugins.credentials.SystemCredentialsProvider plugin="credentials@1111.v35a_307992395">
  <domainCredentialsMap class="hudson.util.CopyOnWriteMap$Hash">
    <entry>
      <com.cloudbees.plugins.credentials.domains.Domain>
        <specifications/>
      </com.cloudbees.plugins.credentials.domains.Domain>
      <java.util.concurrent.CopyOnWriteArrayList>
        <com.cloudbees.plugins.credentials.impl.UsernamePasswordCredentialsImpl>
          <scope>GLOBAL</scope>
          <id>4bd57927-d90d-46e3-986b-975b3b4091b9</id>
          <description></description>
          <username>sateesh</username>
          <password>{AQAAABAAAAAwc3DSMjezviMEWMFOwp18/iJD9QXw2tob6nmkGgZwOU4GQlT2CsplQi5Ol6S4nYOuyA0VEfRI4TAby2Gsewl5jA==}</password>
          <usernameSecret>false</usernameSecret>
        </com.cloudbees.plugins.credentials.impl.UsernamePasswordCredentialsImpl>
      </java.util.concurrent.CopyOnWriteArrayList>
    </entry>
  </domainCredentialsMap>
</com.cloudbees.plugins.credentials.SystemCredentialsProvider>